series_id,timestamp,actual_value,lower_bound_0.5,upper_bound_99.5,is_anomaly
401-101_sinus,2025-01-01 14:15:00,15.20675,15.602187,20.069704,True
401-101_sinus,2025-01-01 14:35:00,14.349852,14.630975,19.689592,True
401-101_sinus,2025-01-01 14:40:00,13.877432,14.320321,18.325243,True
401-101_sinus,2025-01-01 15:05:00,12.828723,13.642709,17.539267,True
401-101_sinus,2025-01-01 15:50:00,12.911258,13.357035,17.64991,True
401-101_sinus,2025-01-01 16:25:00,12.638091,13.002955,17.849344,True
401-101_sinus,2025-01-01 17:15:00,11.559132,11.659583,16.017279,True
401-101_sinus,2025-01-01 22:00:00,17.30973,6.877334,17.27761,True
401-101_sinus,2025-01-01 22:15:00,17.319408,9.795512,16.97579,True
401-101_sinus,2025-01-01 22:20:00,17.904188,11.766748,16.380785,True
401-101_sinus,2025-01-01 22:25:00,17.961506,12.260199,17.049597,True
401-101_sinus,2025-01-01 22:35:00,18.04863,11.613552,17.974854,True
401-101_sinus,2025-01-01 22:45:00,18.240591,12.452145,17.743202,True
401-101_sinus,2025-01-01 22:50:00,18.262503,10.850658,18.209715,True
401-101_sinus,2025-01-01 22:55:00,18.147118,12.770134,17.276884,True
401-101_sinus,2025-01-01 23:00:00,18.11311,13.065892,17.99178,True
401-101_sinus,2025-01-01 23:05:00,19.84165,14.058648,18.321491,True
401-101_sinus,2025-01-01 23:10:00,19.896276,13.912026,19.045553,True
401-101_sinus,2025-01-01 23:15:00,19.18772,14.524664,18.08219,True
401-101_sinus,2025-01-01 23:20:00,19.616133,15.261224,19.582693,True
401-101_sinus,2025-01-01 23:35:00,20.346786,15.961735,19.642536,True
401-101_sinus,2025-01-02 00:15:00,21.072178,15.718235,20.993137,True
401-101_sinus,2025-01-02 00:35:00,22.332571,14.031774,22.28632,True
401-101_sinus,2025-01-02 00:50:00,22.442823,16.845587,21.952047,True
401-101_sinus,2025-01-02 01:05:00,23.58486,19.111877,23.160362,True
401-101_sinus,2025-01-02 01:10:00,23.259966,17.05744,22.001608,True
401-101_sinus,2025-01-02 01:15:00,22.570257,14.009222,22.390604,True
401-101_sinus,2025-01-02 01:20:00,23.920439,18.16937,23.540474,True
401-101_sinus,2025-01-02 02:20:00,25.644878,19.814924,25.007622,True
401-101_sinus,2025-01-02 02:30:00,25.580105,20.327822,25.544147,True
401-101_sinus,2025-01-02 03:10:00,26.050093,19.261084,24.894094,True
401-101_sinus,2025-01-02 03:15:00,27.532557,21.167797,26.19227,True
401-101_sinus,2025-01-02 03:20:00,27.373947,21.547276,26.979198,True
401-101_sinus,2025-01-02 03:30:00,28.559275,22.229403,28.461542,True
401-101_sinus,2025-01-02 03:35:00,27.079506,21.47673,26.456545,True
401-101_sinus,2025-01-02 03:40:00,27.815008,22.08338,27.368172,True
401-101_sinus,2025-01-02 04:15:00,28.247316,22.128521,27.299223,True
401-101_sinus,2025-01-02 04:50:00,28.590824,18.432888,27.795465,True
401-101_sinus,2025-01-02 14:05:00,19.359121,19.546776,26.51263,True
401-101_sinus,2025-01-02 16:45:00,16.356098,16.642397,21.491028,True
401-101_sinus,2025-01-02 22:30:00,22.655952,14.684293,21.98617,True
401-101_sinus,2025-01-02 22:35:00,23.253328,16.370888,22.758167,True
401-101_sinus,2025-01-02 22:40:00,23.102015,14.795131,22.826342,True
401-101_sinus,2025-01-02 22:45:00,22.437067,17.467688,21.46506,True
401-101_sinus,2025-01-02 22:50:00,23.941303,17.898735,22.394339,True
401-101_sinus,2025-01-02 22:55:00,23.702684,17.699871,22.286379,True
401-101_sinus,2025-01-02 23:00:00,23.976484,17.35831,22.274529,True
401-101_sinus,2025-01-02 23:05:00,24.966888,18.064058,23.445549,True
401-101_sinus,2025-01-02 23:10:00,24.273321,17.558432,23.082304,True
401-101_sinus,2025-01-02 23:15:00,24.670637,19.103569,22.863918,True
401-101_sinus,2025-01-02 23:45:00,25.747105,20.59147,24.15843,True
401-101_sinus,2025-01-02 23:55:00,25.750868,19.505173,24.702703,True
401-101_sinus,2025-01-03 00:00:00,25.685059,19.567549,25.30895,True
401-101_sinus,2025-01-03 00:05:00,26.69502,18.337084,25.957357,True
401-101_sinus,2025-01-03 00:30:00,28.054699,22.599354,26.769375,True
401-101_sinus,2025-01-03 00:40:00,28.318449,19.281343,27.25421,True
401-101_sinus,2025-01-03 00:50:00,28.422142,23.27042,28.205656,True
401-101_sinus,2025-01-03 01:05:00,29.687572,20.417175,28.706623,True
401-101_sinus,2025-01-03 01:15:00,30.241676,18.19696,28.445553,True
401-101_sinus,2025-01-03 01:30:00,30.868397,25.096638,30.76573,True
401-101_sinus,2025-01-03 02:55:00,33.47173,27.50422,32.720848,True
401-101_sinus,2025-01-03 03:25:00,34.637234,27.752281,33.577076,True
401-101_sinus,2025-01-03 04:00:00,35.436516,24.897036,35.19507,True
401-101_sinus,2025-01-03 04:10:00,35.58851,26.081074,33.897354,True
401-101_sinus,2025-01-03 04:15:00,35.26744,28.75748,34.65459,True
401-101_sinus,2025-01-03 04:25:00,36.641476,28.648125,34.53026,True
401-101_sinus,2025-01-03 14:00:00,24.01615,24.21911,29.97809,True
401-101_sinus,2025-01-03 15:15:00,20.798094,22.416359,31.210041,True
401-101_sinus,2025-01-03 22:45:00,29.985683,16.11309,28.9396,True
401-101_sinus,2025-01-03 22:55:00,28.520657,16.510267,28.138676,True
401-101_sinus,2025-01-03 23:00:00,29.10314,14.612062,28.533878,True
401-101_sinus,2025-01-03 23:05:00,29.628017,21.372496,28.09317,True
401-101_sinus,2025-01-03 23:20:00,30.724655,22.035492,30.092611,True
401-101_sinus,2025-01-03 23:25:00,31.42459,19.019833,29.69337,True
401-101_sinus,2025-01-03 23:35:00,29.716194,22.096104,28.938084,True
401-101_sinus,2025-01-03 23:45:00,32.344757,22.85891,32.3277,True
401-101_sinus,2025-01-03 23:55:00,32.75489,23.852964,32.40974,True
401-101_sinus,2025-01-04 00:00:00,31.923502,24.726088,30.75916,True
401-101_sinus,2025-01-04 00:15:00,34.307674,26.6933,33.260998,True
401-101_sinus,2025-01-04 00:20:00,33.662636,25.753834,33.26774,True
401-101_sinus,2025-01-04 00:25:00,33.72153,25.861418,33.384018,True
401-101_sinus,2025-01-04 00:30:00,33.36199,26.620546,31.569864,True
401-101_sinus,2025-01-04 00:35:00,34.395065,28.25541,33.50621,True
401-101_sinus,2025-01-04 01:05:00,35.597424,29.698746,33.820488,True
401-101_sinus,2025-01-04 01:10:00,36.053257,28.724014,35.660694,True
401-101_sinus,2025-01-04 01:20:00,37.177856,31.44834,35.898968,True
401-101_sinus,2025-01-04 01:45:00,37.501625,29.614265,37.499218,True
401-101_sinus,2025-01-04 02:55:00,40.50167,34.09681,39.35569,True
401-101_sinus,2025-01-04 03:10:00,41.07177,15.494758,40.72208,True
401-101_sinus,2025-01-04 03:20:00,42.01487,34.828037,40.79289,True
401-101_sinus,2025-01-04 03:25:00,41.72133,30.994213,40.4295,True
401-101_sinus,2025-01-04 03:30:00,41.89645,31.398525,41.395393,True
401-101_sinus,2025-01-04 03:35:00,42.140804,35.812157,41.36881,True
401-101_sinus,2025-01-04 03:45:00,42.187172,33.297436,40.88877,True
401-101_sinus,2025-01-04 03:50:00,42.432755,32.943302,41.849693,True
401-101_sinus,2025-01-04 03:55:00,42.134083,33.122097,41.033527,True
401-101_sinus,2025-01-04 04:05:00,43.333813,31.075958,43.069534,True
401-101_sinus,2025-01-04 04:35:00,43.850006,34.409374,41.81883,True
401-101_sinus,2025-01-04 13:15:00,30.977535,31.944752,41.409702,True
401-101_sinus,2025-01-04 14:50:00,27.303417,28.001553,35.57138,True
401-101_sinus,2025-01-04 15:15:00,26.891823,28.18064,34.593704,True
401-101_sinus,2025-01-04 15:20:00,26.760506,27.281157,35.079502,True
401-101_sinus,2025-01-04 15:30:00,26.660063,27.051327,33.339798,True
401-101_sinus,2025-01-04 15:40:00,25.683458,25.920622,32.30277,True
401-101_sinus,2025-01-04 16:00:00,25.450016,26.008247,30.312101,True
401-101_sinus,2025-01-04 16:50:00,24.19039,24.950335,29.654266,True
401-101_sinus,2025-01-04 22:15:00,32.406982,19.670816,31.584686,True
401-101_sinus,2025-01-04 22:25:00,32.512226,21.172398,32.05345,True
401-101_sinus,2025-01-04 22:55:00,34.669956,26.440592,33.91298,True
401-101_sinus,2025-01-04 23:00:00,35.660603,25.744022,35.480473,True
401-101_sinus,2025-01-04 23:10:00,35.106396,24.156004,34.79167,True
401-101_sinus,2025-01-04 23:25:00,36.712955,28.812073,35.2571,True
401-101_sinus,2025-01-04 23:30:00,36.352295,27.047697,34.975456,True
401-101_sinus,2025-01-04 23:55:00,37.148014,28.796408,36.153423,True
401-101_sinus,2025-01-05 00:00:00,38.064266,23.736755,36.806633,True
401-101_sinus,2025-01-05 00:20:00,39.429695,30.590149,39.258152,True
401-101_sinus,2025-01-05 02:05:00,45.25928,35.811596,44.96567,True
401-101_sinus,2025-01-05 02:25:00,46.816895,35.376553,46.01456,True
401-101_sinus,2025-01-05 02:30:00,47.079735,34.944683,46.37289,True
401-101_sinus,2025-01-05 02:35:00,46.37318,37.67713,44.613003,True
401-101_sinus,2025-01-05 02:40:00,46.810623,37.57405,45.741066,True
401-101_sinus,2025-01-05 02:50:00,47.983864,37.588326,47.31902,True
401-101_sinus,2025-01-05 02:55:00,48.041893,37.318134,47.755642,True
401-101_sinus,2025-01-05 03:35:00,49.517345,33.18206,48.76634,True
401-101_sinus,2025-01-05 03:50:00,49.130463,35.37368,46.665,True
401-101_sinus,2025-01-05 04:35:00,51.91772,40.418385,51.03264,True
401-101_sinus,2025-01-05 13:15:00,37.467064,37.842243,56.05534,True
401-101_sinus,2025-01-05 14:10:00,34.41936,34.547104,38.83746,True
401-101_sinus,2025-01-05 14:15:00,34.494385,35.530476,45.18789,True
401-101_sinus,2025-01-05 14:40:00,31.97639,32.660934,39.678608,True
401-101_sinus,2025-01-05 15:35:00,29.444523,29.986044,35.09573,True
401-101_sinus,2025-01-05 15:45:00,29.895052,31.420197,38.020786,True
401-101_sinus,2025-01-05 16:10:00,29.662907,30.430754,35.535957,True
401-101_sinus,2025-01-05 16:35:00,28.92878,28.963814,33.595703,True
401-101_sinus,2025-01-05 16:50:00,27.906542,28.388899,37.455112,True
401-101_sinus,2025-01-05 22:25:00,37.31856,20.767038,37.20307,True
401-101_sinus,2025-01-05 22:30:00,38.42961,16.949146,36.77718,True
401-101_sinus,2025-01-05 22:35:00,38.2717,23.115652,35.784004,True
401-101_sinus,2025-01-05 22:45:00,38.5402,23.299742,38.23312,True
401-101_sinus,2025-01-05 22:55:00,38.93603,26.63511,35.394913,True
401-101_sinus,2025-01-05 23:00:00,40.1158,28.693724,36.071407,True
401-101_sinus,2025-01-05 23:05:00,40.758133,30.298325,38.13348,True
401-101_sinus,2025-01-05 23:10:00,40.914608,28.177359,39.27172,True
401-101_sinus,2025-01-05 23:15:00,40.18588,30.655245,37.693108,True
401-101_sinus,2025-01-05 23:20:00,40.78997,26.322392,39.62567,True
401-101_sinus,2025-01-05 23:25:00,41.96927,30.174591,40.459015,True
401-101_sinus,2025-01-05 23:35:00,41.728325,30.952337,39.569115,True
401-101_sinus,2025-01-06 00:00:00,43.633606,34.489914,42.61105,True
401-101_sinus,2025-01-06 00:05:00,44.79997,34.035057,44.372433,True
401-101_sinus,2025-01-06 00:15:00,44.98172,35.584774,43.98327,True
401-101_sinus,2025-01-06 00:20:00,45.110508,35.834618,44.46959,True
401-101_sinus,2025-01-06 00:35:00,45.604576,38.543896,45.187622,True
401-101_sinus,2025-01-06 00:40:00,46.950092,38.576023,46.17616,True
401-101_sinus,2025-01-06 00:45:00,46.12845,37.166874,45.1991,True
401-101_sinus,2025-01-06 01:00:00,47.557896,38.129864,47.083782,True
401-101_sinus,2025-01-06 01:05:00,47.371525,37.352848,45.874252,True
401-101_sinus,2025-01-06 01:15:00,49.582977,40.873512,49.354145,True
401-101_sinus,2025-01-06 01:40:00,50.713028,40.677162,50.519386,True
401-101_sinus,2025-01-06 01:50:00,50.908844,36.55339,48.658195,True
401-101_sinus,2025-01-06 02:05:00,52.32431,38.651005,52.05169,True
401-101_sinus,2025-01-06 02:10:00,52.743187,43.69759,51.015316,True
401-101_sinus,2025-01-06 02:25:00,53.45754,41.764236,51.715603,True
401-101_sinus,2025-01-06 02:35:00,53.55558,41.47574,52.026043,True
401-101_sinus,2025-01-06 02:55:00,54.505085,45.191685,54.47127,True
401-101_sinus,2025-01-06 03:05:00,55.253277,43.59266,54.292175,True
401-101_sinus,2025-01-06 03:10:00,55.158676,43.620434,54.893497,True
401-101_sinus,2025-01-06 03:25:00,56.227238,47.453968,56.122414,True
401-101_sinus,2025-01-06 03:30:00,56.197933,43.383133,55.036114,True
401-101_sinus,2025-01-06 03:40:00,57.193638,44.714256,54.436493,True
401-101_sinus,2025-01-06 04:20:00,58.350807,42.070126,57.44695,True
401-101_sinus,2025-01-06 04:50:00,60.4515,43.032238,57.705254,True
401-101_sinus,2025-01-06 13:45:00,40.07667,41.996464,55.404297,True
401-101_sinus,2025-01-06 14:35:00,36.8678,37.533813,46.46791,True
401-101_sinus,2025-01-06 15:15:00,36.073677,36.19238,42.788586,True
401-101_sinus,2025-01-06 16:50:00,32.21909,33.09704,39.6858,True
401-101_sinus,2025-01-06 22:55:00,44.502964,32.91033,42.189766,True
401-101_sinus,2025-01-06 23:00:00,44.968884,27.353592,41.736565,True
401-101_sinus,2025-01-06 23:10:00,46.08259,36.243988,42.093884,True
401-101_sinus,2025-01-06 23:15:00,46.60126,33.44865,41.94059,True
401-101_sinus,2025-01-06 23:20:00,46.506924,32.994366,45.003662,True
401-101_sinus,2025-01-06 23:35:00,47.90716,27.595457,46.594208,True
401-101_sinus,2025-01-06 23:55:00,49.212147,39.972305,47.281673,True
401-101_sinus,2025-01-07 00:15:00,50.116028,37.713146,48.95006,True
401-101_sinus,2025-01-07 00:35:00,52.401623,42.70314,50.291977,True
401-101_sinus,2025-01-07 00:55:00,54.122105,42.65082,51.741642,True
401-101_sinus,2025-01-07 01:05:00,54.68567,42.88157,54.62187,True
401-101_sinus,2025-01-07 01:10:00,55.57677,38.9775,51.233543,True
401-101_sinus,2025-01-07 01:55:00,57.78377,46.864227,57.49363,True
401-101_sinus,2025-01-07 02:20:00,58.426537,45.633537,56.58251,True
401-101_sinus,2025-01-07 02:30:00,60.475807,50.368183,60.06828,True
401-101_sinus,2025-01-07 03:10:00,62.974243,51.286972,61.50442,True
401-101_sinus,2025-01-07 03:15:00,63.423298,49.87339,62.546047,True
401-101_sinus,2025-01-07 03:25:00,62.859737,51.939297,62.76284,True
401-101_sinus,2025-01-07 03:30:00,63.224655,46.252697,60.703865,True
401-101_sinus,2025-01-07 04:10:00,66.17591,51.241215,63.401917,True
401-101_sinus,2025-01-07 04:40:00,66.86543,33.593803,66.66374,True
401-101_sinus,2025-01-07 04:55:00,66.777756,40.939167,63.925694,True
401-101_sinus,2025-01-07 05:00:00,81.01165,43.370106,78.472244,True
401-101_sinus,2025-01-07 05:05:00,82.41347,9.08566,76.412895,True
401-101_sinus,2025-01-07 05:25:00,82.74658,43.34234,80.78554,True
401-101_sinus,2025-01-07 05:35:00,81.50579,30.051823,80.20769,True
401-101_sinus,2025-01-07 05:50:00,82.94855,37.434685,78.20192,True
401-101_sinus,2025-01-07 13:50:00,43.899296,45.086273,62.12752,True
401-101_sinus,2025-01-07 13:55:00,44.495037,45.36204,56.736435,True
401-101_sinus,2025-01-07 14:55:00,41.25808,41.860287,51.272552,True
401-101_sinus,2025-01-07 15:05:00,40.295277,41.576283,52.293537,True
401-101_sinus,2025-01-07 15:10:00,39.795033,39.815083,50.086746,True
401-101_sinus,2025-01-07 15:25:00,39.061607,39.081486,48.765785,True
401-101_sinus,2025-01-07 15:35:00,39.71351,40.036274,44.800064,True
401-101_sinus,2025-01-07 15:45:00,38.672894,39.435177,44.827946,True
401-101_sinus,2025-01-07 16:25:00,36.762226,36.84312,46.472942,True
401-101_sinus,2025-01-07 17:10:00,35.230076,35.725018,43.05062,True
401-101_sinus,2025-01-07 17:15:00,36.47522,36.85236,44.536285,True
401-101_sinus,2025-01-07 22:05:00,46.5897,19.852741,45.97172,True
401-101_sinus,2025-01-07 22:40:00,48.999504,32.46387,47.83178,True
401-101_sinus,2025-01-07 22:55:00,49.86122,32.11364,47.984882,True
401-101_sinus,2025-01-07 23:00:00,50.83796,31.90336,49.188557,True
401-101_sinus,2025-01-07 23:05:00,50.66211,36.55557,48.884888,True
401-101_sinus,2025-01-07 23:15:00,51.206398,35.93604,49.27983,True
401-101_sinus,2025-01-07 23:20:00,52.71241,31.295046,49.31821,True
401-101_sinus,2025-01-07 23:40:00,53.377316,42.369564,50.719635,True
401-101_sinus,2025-01-07 23:50:00,54.615143,42.402287,53.407406,True
401-101_sinus,2025-01-07 23:55:00,54.80815,45.418423,52.60161,True
402-102_sinus,2025-01-01 05:20:00,22.927656,19.240685,22.037386,True
402-102_sinus,2025-01-01 06:05:00,24.355543,19.628466,24.053534,True
402-102_sinus,2025-01-01 06:25:00,24.16883,18.675594,23.737099,True
402-102_sinus,2025-01-01 06:35:00,25.031,17.113253,24.599308,True
402-102_sinus,2025-01-01 14:45:00,17.806225,18.148273,23.923603,True
402-102_sinus,2025-01-01 15:00:00,15.891181,16.741789,23.446903,True
402-102_sinus,2025-01-01 15:15:00,14.748962,15.784969,21.471762,True
402-102_sinus,2025-01-01 16:05:00,15.493265,15.953577,22.60352,True
402-102_sinus,2025-01-01 16:25:00,15.0284605,15.056392,18.272415,True
402-102_sinus,2025-01-01 23:25:00,20.258875,12.768375,19.134628,True
402-102_sinus,2025-01-01 23:30:00,19.786728,13.522233,19.591145,True
402-102_sinus,2025-01-01 23:40:00,19.91549,11.835118,18.650747,True
402-102_sinus,2025-01-01 23:45:00,20.713055,13.210412,20.655018,True
402-102_sinus,2025-01-01 23:50:00,20.277657,15.353491,19.994392,True
402-102_sinus,2025-01-01 23:55:00,21.134598,15.71283,20.516308,True
402-102_sinus,2025-01-02 00:00:00,21.60444,16.173132,20.491554,True
402-102_sinus,2025-01-02 00:05:00,20.611155,14.961493,19.474842,True
402-102_sinus,2025-01-02 00:10:00,21.797304,15.197176,20.169636,True
402-102_sinus,2025-01-02 00:15:00,21.179787,16.428234,20.198265,True
402-102_sinus,2025-01-02 00:25:00,22.797028,17.714647,22.54077,True
402-102_sinus,2025-01-02 00:30:00,21.787516,16.614834,21.105484,True
402-102_sinus,2025-01-02 01:15:00,22.7105,18.798256,22.437809,True
402-102_sinus,2025-01-02 02:05:00,25.686817,21.608906,25.52337,True
402-102_sinus,2025-01-02 03:10:00,29.195269,24.763973,28.581984,True
402-102_sinus,2025-01-02 04:05:00,31.578527,27.436365,31.21864,True
402-102_sinus,2025-01-02 04:30:00,31.59932,24.431316,30.691689,True
402-102_sinus,2025-01-02 04:40:00,31.401659,23.658493,31.397287,True
402-102_sinus,2025-01-02 04:45:00,31.876244,27.436674,31.117023,True
402-102_sinus,2025-01-02 04:55:00,32.01283,24.99819,29.826427,True
402-102_sinus,2025-01-02 05:10:00,33.213257,24.40381,32.17767,True
402-102_sinus,2025-01-02 06:05:00,33.67377,24.759928,33.531696,True
402-102_sinus,2025-01-02 06:20:00,33.963654,28.571154,32.959698,True
402-102_sinus,2025-01-02 16:05:00,21.693453,21.965382,25.307066,True
402-102_sinus,2025-01-02 16:30:00,20.153376,20.960886,23.835028,True
402-102_sinus,2025-01-02 17:20:00,19.238781,19.36528,26.825792,True
402-102_sinus,2025-01-02 17:30:00,19.428791,19.546946,23.361582,True
402-102_sinus,2025-01-02 23:35:00,26.327961,14.253015,24.828924,True
402-102_sinus,2025-01-02 23:45:00,26.897518,18.092041,26.092,True
402-102_sinus,2025-01-02 23:50:00,27.483917,19.568806,26.317451,True
402-102_sinus,2025-01-02 23:55:00,26.981485,20.060532,26.267105,True
402-102_sinus,2025-01-03 00:00:00,27.592321,20.734882,26.292433,True
402-102_sinus,2025-01-03 00:15:00,28.191648,20.932947,27.494215,True
402-102_sinus,2025-01-03 00:20:00,29.322233,20.90568,28.29992,True
402-102_sinus,2025-01-03 00:25:00,29.530664,17.812895,27.353222,True
402-102_sinus,2025-01-03 00:30:00,29.106245,21.54576,28.426416,True
402-102_sinus,2025-01-03 00:45:00,29.902758,21.369993,28.260096,True
402-102_sinus,2025-01-03 01:20:00,31.891178,26.528893,30.63813,True
402-102_sinus,2025-01-03 01:30:00,32.74273,27.230057,31.896458,True
402-102_sinus,2025-01-03 01:35:00,32.239082,17.295248,30.817263,True
402-102_sinus,2025-01-03 02:20:00,34.376736,27.75704,34.08509,True
402-102_sinus,2025-01-03 02:45:00,35.748604,31.810268,34.946156,True
402-102_sinus,2025-01-03 04:25:00,41.01553,32.901196,40.931435,True
402-102_sinus,2025-01-03 04:35:00,40.86989,27.421415,39.57396,True
402-102_sinus,2025-01-03 04:40:00,41.342876,30.867085,39.782536,True
402-102_sinus,2025-01-03 05:30:00,42.35361,31.571499,41.655598,True
402-102_sinus,2025-01-03 05:40:00,42.09058,25.236923,41.259693,True
402-102_sinus,2025-01-03 15:50:00,26.088354,27.471066,35.691803,True
402-102_sinus,2025-01-03 16:00:00,26.39495,26.519426,33.302464,True
402-102_sinus,2025-01-03 16:15:00,27.162415,27.665604,31.370432,True
402-102_sinus,2025-01-03 16:20:00,25.526306,26.562244,29.658646,True
402-102_sinus,2025-01-03 17:00:00,24.52799,25.192907,28.48818,True
402-102_sinus,2025-01-03 17:10:00,24.583008,25.26681,31.784052,True
402-102_sinus,2025-01-03 17:30:00,23.908756,24.727821,28.580458,True
402-102_sinus,2025-01-03 18:00:00,23.819632,24.614895,31.34032,True
402-102_sinus,2025-01-03 22:55:00,30.203892,16.286749,30.16421,True
402-102_sinus,2025-01-03 23:05:00,31.57321,6.8706007,30.070818,True
402-102_sinus,2025-01-03 23:10:00,31.225674,21.552364,31.133165,True
402-102_sinus,2025-01-03 23:35:00,33.21768,19.48487,30.241766,True
402-102_sinus,2025-01-03 23:40:00,33.089138,21.33312,30.406736,True
402-102_sinus,2025-01-03 23:45:00,34.027054,23.587082,33.996105,True
402-102_sinus,2025-01-03 23:50:00,33.760036,15.610953,33.319267,True
402-102_sinus,2025-01-04 00:00:00,35.098824,22.60968,30.860008,True
402-102_sinus,2025-01-04 00:05:00,33.943165,24.176727,33.03536,True
402-102_sinus,2025-01-04 00:25:00,36.01119,27.78517,35.509415,True
402-102_sinus,2025-01-04 00:30:00,36.649773,27.282446,35.725555,True
402-102_sinus,2025-01-04 00:35:00,37.05076,25.341686,36.98525,True
402-102_sinus,2025-01-04 00:45:00,37.125305,30.671282,36.063385,True
402-102_sinus,2025-01-04 00:50:00,38.10795,27.07759,37.80554,True
402-102_sinus,2025-01-04 00:55:00,37.511154,30.385696,37.5094,True
402-102_sinus,2025-01-04 01:05:00,37.07808,29.282978,36.773182,True
402-102_sinus,2025-01-04 01:15:00,39.355778,30.293537,39.161133,True
402-102_sinus,2025-01-04 01:45:00,41.631706,31.65787,41.10389,True
402-102_sinus,2025-01-04 02:20:00,42.296394,30.233149,41.55906,True
402-102_sinus,2025-01-04 03:20:00,45.849243,31.839773,45.056183,True
402-102_sinus,2025-01-04 03:40:00,46.735615,38.917404,46.566326,True
402-102_sinus,2025-01-04 03:50:00,47.39167,34.172287,45.726948,True
402-102_sinus,2025-01-04 03:55:00,48.791527,39.83756,47.699066,True
402-102_sinus,2025-01-04 04:20:00,49.557888,38.369774,48.99757,True
402-102_sinus,2025-01-04 04:35:00,50.62008,38.043644,50.234974,True
402-102_sinus,2025-01-04 04:40:00,50.437054,32.556072,50.327583,True
402-102_sinus,2025-01-04 04:50:00,50.20505,40.776848,49.64015,True
402-102_sinus,2025-01-04 04:55:00,51.13848,41.49698,50.768925,True
402-102_sinus,2025-01-04 05:45:00,52.90581,39.23675,52.733715,True
402-102_sinus,2025-01-04 16:15:00,30.779722,32.233097,37.42539,True
402-102_sinus,2025-01-04 16:20:00,31.090347,31.542448,36.73558,True
402-102_sinus,2025-01-04 17:00:00,29.747763,30.671793,47.266994,True
402-102_sinus,2025-01-04 17:10:00,29.51124,29.70411,37.291195,True
402-102_sinus,2025-01-04 17:35:00,27.706112,28.30349,32.93439,True
402-102_sinus,2025-01-04 17:40:00,29.018986,29.064161,34.54955,True
402-102_sinus,2025-01-04 23:00:00,36.542377,24.838354,36.4092,True
402-102_sinus,2025-01-04 23:10:00,37.07823,23.387772,36.151497,True
402-102_sinus,2025-01-04 23:15:00,38.460186,23.15377,35.145634,True
402-102_sinus,2025-01-04 23:25:00,38.461823,20.907452,38.39966,True
402-102_sinus,2025-01-04 23:55:00,40.424244,29.919731,38.593494,True
402-102_sinus,2025-01-05 00:00:00,40.13562,25.355953,39.05635,True
402-102_sinus,2025-01-05 00:10:00,42.253788,32.050972,41.05834,True
402-102_sinus,2025-01-05 00:20:00,42.37039,31.264166,39.825447,True
402-102_sinus,2025-01-05 00:25:00,41.930458,32.537117,40.578873,True
402-102_sinus,2025-01-05 00:35:00,43.224648,32.27535,41.204865,True
402-102_sinus,2025-01-05 00:40:00,42.71682,28.285591,42.323875,True
402-102_sinus,2025-01-05 00:50:00,43.598316,32.12895,40.92604,True
402-102_sinus,2025-01-05 00:55:00,44.13388,32.828213,42.728294,True
402-102_sinus,2025-01-05 01:10:00,46.054844,37.515545,45.38426,True
402-102_sinus,2025-01-05 01:15:00,46.87067,28.883268,45.393456,True
402-102_sinus,2025-01-05 01:20:00,46.62343,39.363903,46.197094,True
402-102_sinus,2025-01-05 01:50:00,48.642033,38.0265,48.078396,True
402-102_sinus,2025-01-05 02:15:00,50.947807,42.53171,49.15792,True
402-102_sinus,2025-01-05 03:25:00,54.908028,38.432648,52.945118,True
402-102_sinus,2025-01-05 03:50:00,57.219982,45.579414,55.315437,True
402-102_sinus,2025-01-05 05:20:00,61.286594,49.888542,60.827072,True
402-102_sinus,2025-01-05 05:30:00,61.12636,45.236404,59.986324,True
402-102_sinus,2025-01-05 16:10:00,37.118103,37.797596,48.429234,True
402-102_sinus,2025-01-05 16:20:00,36.703808,37.583523,44.910248,True
402-102_sinus,2025-01-05 16:35:00,35.79053,36.162643,44.51137,True
402-102_sinus,2025-01-05 16:40:00,35.15966,35.36672,42.51063,True
402-102_sinus,2025-01-05 17:05:00,34.111416,35.12101,41.23433,True
402-102_sinus,2025-01-05 17:20:00,35.287228,35.66187,41.3692,True
402-102_sinus,2025-01-05 17:25:00,34.26382,34.494816,41.21804,True
402-102_sinus,2025-01-05 17:35:00,33.582993,34.219326,40.455284,True
402-102_sinus,2025-01-05 17:55:00,33.761658,33.828026,39.744087,True
402-102_sinus,2025-01-05 23:10:00,43.72235,21.263727,40.719444,True
402-102_sinus,2025-01-05 23:30:00,45.291668,31.999792,43.593872,True
402-102_sinus,2025-01-05 23:35:00,45.326443,30.573551,44.523293,True
402-102_sinus,2025-01-05 23:45:00,46.05092,30.218204,43.56545,True
402-102_sinus,2025-01-05 23:55:00,47.684895,28.506376,46.988792,True
402-102_sinus,2025-01-06 00:00:00,48.135906,34.120304,45.73161,True
402-102_sinus,2025-01-06 00:05:00,48.26742,33.554028,47.437294,True
402-102_sinus,2025-01-06 00:15:00,48.967392,31.087233,46.428936,True
402-102_sinus,2025-01-06 00:20:00,49.62391,34.783127,45.565605,True
402-102_sinus,2025-01-06 00:25:00,49.251053,37.30561,46.423164,True
402-102_sinus,2025-01-06 00:30:00,49.19139,39.3357,48.39593,True
402-102_sinus,2025-01-06 00:35:00,50.048927,39.148663,47.541878,True
402-102_sinus,2025-01-06 00:45:00,52.636723,32.610294,52.166206,True
402-102_sinus,2025-01-06 00:55:00,51.09272,28.949745,50.63974,True
402-102_sinus,2025-01-06 01:00:00,52.153255,35.526543,50.93121,True
402-102_sinus,2025-01-06 01:55:00,56.933605,47.234364,54.90295,True
402-102_sinus,2025-01-06 02:15:00,58.047325,46.972298,55.941673,True
402-102_sinus,2025-01-06 03:00:00,60.909893,45.92981,60.83009,True
402-102_sinus,2025-01-06 03:20:00,63.31479,48.677288,63.29724,True
402-102_sinus,2025-01-06 03:50:00,65.988945,51.652603,65.68678,True
402-102_sinus,2025-01-06 04:10:00,66.97881,51.98628,66.07365,True
402-102_sinus,2025-01-06 04:15:00,66.59821,45.832214,64.47888,True
402-102_sinus,2025-01-06 05:00:00,68.98952,58.352898,68.36018,True
402-102_sinus,2025-01-06 05:30:00,70.13124,48.99089,69.29437,True
402-102_sinus,2025-01-06 13:55:00,51.106403,53.01792,76.58813,True
402-102_sinus,2025-01-06 14:25:00,48.542633,49.210087,62.935074,True
402-102_sinus,2025-01-06 14:45:00,48.58287,48.98008,64.088684,True
402-102_sinus,2025-01-06 15:10:00,46.31964,48.586735,57.550194,True
402-102_sinus,2025-01-06 15:15:00,45.794914,46.687332,53.150166,True
402-102_sinus,2025-01-06 15:35:00,44.395004,45.469017,56.438843,True
402-102_sinus,2025-01-06 15:55:00,43.961525,44.094303,51.298534,True
402-102_sinus,2025-01-06 16:15:00,42.28916,43.286415,58.88998,True
402-102_sinus,2025-01-06 16:40:00,41.568314,41.749218,51.29884,True
402-102_sinus,2025-01-06 16:50:00,41.36811,41.49301,48.314415,True
402-102_sinus,2025-01-06 17:05:00,38.98924,41.052467,50.87315,True
402-102_sinus,2025-01-06 17:10:00,40.745903,41.931393,47.870754,True
402-102_sinus,2025-01-06 17:20:00,39.51875,39.79945,52.57396,True
402-102_sinus,2025-01-06 17:25:00,38.84995,39.477837,48.616394,True
402-102_sinus,2025-01-06 23:10:00,49.247856,28.388884,47.49881,True
402-102_sinus,2025-01-06 23:20:00,51.42495,23.250582,51.278564,True
402-102_sinus,2025-01-06 23:25:00,50.35928,33.81525,50.0364,True
402-102_sinus,2025-01-06 23:30:00,50.636387,30.98705,48.751205,True
402-102_sinus,2025-01-06 23:40:00,52.154037,30.03554,48.724648,True
402-102_sinus,2025-01-06 23:45:00,51.414185,40.149315,48.60677,True
402-102_sinus,2025-01-06 23:50:00,52.908092,37.86845,50.971317,True
402-102_sinus,2025-01-06 23:55:00,53.00804,32.11672,50.767372,True
402-102_sinus,2025-01-07 00:05:00,54.255726,43.124588,50.55393,True
402-102_sinus,2025-01-07 00:10:00,55.177406,41.716984,51.108406,True
402-102_sinus,2025-01-07 00:15:00,55.720108,42.10748,54.2282,True
402-102_sinus,2025-01-07 00:20:00,56.653614,40.413292,53.949394,True
402-102_sinus,2025-01-07 00:40:00,58.139935,35.906418,57.674225,True
402-102_sinus,2025-01-07 01:10:00,60.051323,43.702854,56.445118,True
402-102_sinus,2025-01-07 01:15:00,60.83795,47.78017,58.096207,True
402-102_sinus,2025-01-07 01:25:00,60.99413,49.087273,60.509407,True
402-102_sinus,2025-01-07 01:50:00,64.92018,49.99948,63.20704,True
402-102_sinus,2025-01-07 02:00:00,66.07481,55.829903,65.78106,True
402-102_sinus,2025-01-07 02:25:00,66.87728,53.602295,66.07321,True
402-102_sinus,2025-01-07 02:30:00,68.541336,49.86676,66.300674,True
402-102_sinus,2025-01-07 02:55:00,70.64823,52.670246,69.85411,True
402-102_sinus,2025-01-07 03:05:00,70.53546,56.596992,66.76243,True
402-102_sinus,2025-01-07 03:45:00,74.31643,60.693905,73.89462,True
402-102_sinus,2025-01-07 03:50:00,74.1614,59.80926,74.15614,True
402-102_sinus,2025-01-07 04:00:00,75.01035,54.73815,73.648094,True
402-102_sinus,2025-01-07 04:05:00,75.876144,62.57152,73.49106,True
402-102_sinus,2025-01-07 04:15:00,75.52126,54.705902,73.81945,True
402-102_sinus,2025-01-07 04:20:00,76.33303,64.20492,74.34104,True
402-102_sinus,2025-01-07 04:25:00,77.48644,62.708958,75.36515,True
402-102_sinus,2025-01-07 05:15:00,79.65645,57.522766,78.00905,True
402-102_sinus,2025-01-07 05:20:00,79.86145,57.8255,78.077225,True
402-102_sinus,2025-01-07 14:45:00,54.507805,54.81369,76.1202,True
402-102_sinus,2025-01-07 15:20:00,52.463097,52.86614,64.74612,True
402-102_sinus,2025-01-07 15:40:00,50.59724,51.69545,67.90057,True
402-102_sinus,2025-01-07 15:55:00,49.895138,50.862507,60.611404,True
402-102_sinus,2025-01-07 16:05:00,50.1003,50.121723,64.16289,True
402-102_sinus,2025-01-07 16:50:00,49.058414,49.735645,56.581856,True
201-301_linear,2025-01-01 05:50:00,6.3763676,4.2218266,6.2726226,True
201-301_linear,2025-01-01 06:15:00,5.8695197,4.4487605,5.78016,True
201-301_linear,2025-01-01 07:05:00,6.8292665,4.297695,5.7354116,True
201-301_linear,2025-01-01 07:10:00,5.8295603,3.914393,5.5565844,True
201-301_linear,2025-01-01 07:40:00,7.398138,4.5092006,7.000023,True
201-301_linear,2025-01-01 08:35:00,6.4543085,4.6991143,5.9425955,True
201-301_linear,2025-01-01 09:25:00,4.606106,4.7413096,5.530975,True
201-301_linear,2025-01-01 09:50:00,5.957704,4.3196807,5.624571,True
201-301_linear,2025-01-01 10:10:00,6.902569,4.472432,6.2564034,True
201-301_linear,2025-01-01 10:30:00,4.5248995,4.6428223,5.789218,True
201-301_linear,2025-01-01 10:45:00,7.19828,3.7945015,6.9354215,True
201-301_linear,2025-01-01 11:00:00,3.9825015,4.0452924,5.8311477,True
201-301_linear,2025-01-01 12:40:00,5.780689,4.198481,5.646853,True
201-301_linear,2025-01-01 13:15:00,3.2863967,3.3507864,5.510774,True
201-301_linear,2025-01-01 13:35:00,6.164528,4.240295,5.445104,True
201-301_linear,2025-01-01 13:45:00,5.9059806,2.7532034,5.678521,True
201-301_linear,2025-01-01 14:15:00,3.4537776,3.5871403,5.423095,True
201-301_linear,2025-01-01 14:20:00,6.4796333,3.8341033,6.134077,True
201-301_linear,2025-01-01 14:45:00,6.5024467,4.574121,5.460492,True
201-301_linear,2025-01-01 14:50:00,5.8236933,4.6915846,5.4323997,True
201-301_linear,2025-01-01 15:00:00,6.9688034,4.8274045,6.084653,True
201-301_linear,2025-01-01 15:30:00,3.7428553,3.869042,5.4218493,True
201-301_linear,2025-01-01 15:40:00,5.5672045,4.5195856,5.463504,True
201-301_linear,2025-01-01 15:50:00,6.449074,3.2901216,6.0727634,True
201-301_linear,2025-01-01 16:15:00,4.0318813,4.1144457,5.0423617,True
201-301_linear,2025-01-01 16:30:00,6.258094,3.7408793,5.463442,True
201-301_linear,2025-01-01 17:05:00,5.985141,4.4583917,5.775538,True
201-301_linear,2025-01-01 18:10:00,3.5971093,3.675163,5.2056518,True
201-301_linear,2025-01-01 18:30:00,5.9658103,4.267432,5.7368317,True
201-301_linear,2025-01-01 18:45:00,6.084683,3.6433218,5.95623,True
201-301_linear,2025-01-01 18:50:00,6.1585865,4.46272,6.0528646,True
201-301_linear,2025-01-01 19:05:00,6.7738853,4.1713533,6.0102706,True
201-301_linear,2025-01-01 23:25:00,6.23976,4.0421104,6.1482186,True
201-301_linear,2025-01-01 23:30:00,6.9798436,3.6557703,6.6765,True
201-301_linear,2025-01-02 00:05:00,6.736446,3.9227314,6.188332,True
201-301_linear,2025-01-02 01:10:00,6.745758,3.5248396,6.013168,True
201-301_linear,2025-01-02 01:20:00,3.3840342,3.6535523,6.032579,True
201-301_linear,2025-01-02 01:45:00,6.377702,4.516554,6.243773,True
201-301_linear,2025-01-02 03:05:00,6.2993283,4.634639,6.236538,True
201-301_linear,2025-01-02 03:40:00,4.1236277,4.1246314,5.5867615,True
201-301_linear,2025-01-02 04:00:00,3.7050505,3.964669,4.973159,True
201-301_linear,2025-01-02 04:15:00,5.850105,4.809795,5.6370735,True
201-301_linear,2025-01-02 04:50:00,5.5081916,4.4883246,5.4672356,True
201-301_linear,2025-01-02 04:55:00,5.3616877,4.376654,5.347945,True
201-301_linear,2025-01-02 05:15:00,6.113497,4.6883407,5.643273,True
201-301_linear,2025-01-02 05:20:00,6.0703864,4.660305,5.70472,True
201-301_linear,2025-01-02 05:35:00,5.455252,3.8990183,5.4243965,True
201-301_linear,2025-01-02 05:45:00,5.9145756,4.398765,5.8683057,True
201-301_linear,2025-01-02 05:55:00,5.7833705,4.0696397,5.7164516,True
201-301_linear,2025-01-02 06:55:00,6.5552917,4.2833567,5.834987,True
201-301_linear,2025-01-02 07:00:00,7.2823725,4.3073325,6.539456,True
201-301_linear,2025-01-02 07:25:00,3.6797214,3.7510765,5.6249557,True
201-301_linear,2025-01-02 07:50:00,6.3105516,4.3098145,6.0729547,True
201-301_linear,2025-01-02 07:55:00,6.187695,4.6774993,6.0457425,True
201-301_linear,2025-01-02 08:10:00,4.5214095,4.6203175,5.6487055,True
201-301_linear,2025-01-02 09:00:00,3.6485922,3.7114043,5.920954,True
201-301_linear,2025-01-02 11:35:00,6.0029078,4.243822,5.916987,True
201-301_linear,2025-01-02 12:20:00,6.2541814,3.3180547,5.6189694,True
201-301_linear,2025-01-02 14:35:00,6.5572953,1.7542945,6.3132625,True
201-301_linear,2025-01-02 16:00:00,6.6846495,3.9297247,6.4376183,True
201-301_linear,2025-01-02 16:45:00,3.5409462,3.6668525,5.954667,True
201-301_linear,2025-01-02 17:00:00,6.47757,3.937049,6.4600816,True
201-301_linear,2025-01-02 17:10:00,3.995716,4.2441497,7.1579623,True
201-301_linear,2025-01-02 17:25:00,6.783271,4.334852,5.761372,True
201-301_linear,2025-01-02 17:30:00,6.810582,3.83131,6.428833,True
201-301_linear,2025-01-02 17:50:00,8.710521,3.9461389,8.512504,True
201-301_linear,2025-01-02 19:25:00,6.8722253,3.446117,6.6600165,True
201-301_linear,2025-01-02 20:40:00,6.1965804,3.8071997,5.789368,True
201-301_linear,2025-01-02 21:05:00,7.610627,3.9150233,7.180052,True
201-301_linear,2025-01-02 21:10:00,3.1980786,3.7842772,5.5762105,True
201-301_linear,2025-01-02 21:25:00,6.790519,4.3630114,6.5424986,True
201-301_linear,2025-01-02 21:30:00,6.183706,4.158424,5.9959517,True
201-301_linear,2025-01-02 22:10:00,6.1696405,4.2010875,6.0782256,True
201-301_linear,2025-01-02 22:15:00,6.8533635,4.8095098,6.42306,True
201-301_linear,2025-01-02 22:40:00,6.0329747,4.318273,5.8594875,True
201-301_linear,2025-01-02 22:55:00,5.8894396,4.0081973,5.7499943,True
201-301_linear,2025-01-02 23:25:00,6.8896494,4.5243864,6.3779635,True
201-301_linear,2025-01-02 23:35:00,3.9914677,4.246721,5.474587,True
201-301_linear,2025-01-02 23:40:00,6.6657686,4.3128147,6.191025,True
201-301_linear,2025-01-02 23:45:00,4.1451206,4.2406087,5.349325,True
201-301_linear,2025-01-02 23:55:00,4.0951104,4.2633305,5.5714297,True
201-301_linear,2025-01-03 00:10:00,3.6885657,3.848063,5.0327578,True
201-301_linear,2025-01-03 00:25:00,6.8400087,4.6322,5.9031315,True
201-301_linear,2025-01-03 00:35:00,6.560741,4.5519695,6.122642,True
201-301_linear,2025-01-03 01:05:00,6.1482186,4.466092,5.788712,True
201-301_linear,2025-01-03 01:25:00,5.6253176,4.3825607,5.5784473,True
201-301_linear,2025-01-03 01:40:00,6.1984444,4.159008,5.7009697,True
201-301_linear,2025-01-03 01:55:00,5.5792236,4.687685,5.367683,True
201-301_linear,2025-01-03 02:50:00,6.745746,4.317298,5.683856,True
201-301_linear,2025-01-03 03:55:00,6.069169,3.8909645,5.9136357,True
201-301_linear,2025-01-03 04:25:00,6.0821776,4.364938,6.0377946,True
201-301_linear,2025-01-03 04:55:00,7.131093,3.3753862,6.6591487,True
201-301_linear,2025-01-03 05:45:00,6.671832,4.6162815,6.1239767,True
201-301_linear,2025-01-03 05:50:00,4.1514673,4.1900187,5.558561,True
201-301_linear,2025-01-03 06:10:00,3.170497,3.204821,5.479625,True
201-301_linear,2025-01-03 06:15:00,6.4358964,4.7794986,6.30405,True
201-301_linear,2025-01-03 06:25:00,3.8711796,4.3603063,5.898565,True
201-301_linear,2025-01-03 06:50:00,6.289886,4.7923684,6.128272,True
201-301_linear,2025-01-03 06:55:00,6.427037,5.2254925,6.1090055,True
201-301_linear,2025-01-03 07:45:00,6.1883335,5.048663,6.107864,True
201-301_linear,2025-01-03 07:55:00,6.592385,5.021265,6.191102,True
201-301_linear,2025-01-03 08:15:00,4.4583898,4.600831,5.2273984,True
201-301_linear,2025-01-03 08:35:00,7.306382,4.822451,6.858554,True
201-301_linear,2025-01-03 08:40:00,6.09101,4.8770547,5.959779,True
201-301_linear,2025-01-03 08:45:00,4.0536485,4.3937845,5.329461,True
201-301_linear,2025-01-03 08:50:00,7.1130357,5.6300955,6.7245445,True
201-301_linear,2025-01-03 09:30:00,4.1256127,4.359115,5.342639,True
201-301_linear,2025-01-03 09:35:00,5.932676,4.9662013,5.574756,True
201-301_linear,2025-01-03 09:40:00,4.799684,5.1420283,5.882856,True
201-301_linear,2025-01-03 09:50:00,4.575225,4.5870934,5.2749786,True
201-301_linear,2025-01-03 10:10:00,6.14687,4.9345016,6.043438,True
201-301_linear,2025-01-03 10:15:00,4.7877088,4.7904263,5.529225,True
201-301_linear,2025-01-03 10:30:00,6.4037466,4.966267,6.3449955,True
201-301_linear,2025-01-03 10:40:00,6.007323,5.102836,5.8385553,True
201-301_linear,2025-01-03 10:45:00,3.8607304,4.547286,5.593435,True
201-301_linear,2025-01-03 11:00:00,2.5219438,3.629413,5.1254773,True
201-301_linear,2025-01-03 11:20:00,6.0972385,5.1881256,6.013787,True
201-301_linear,2025-01-03 11:40:00,6.226126,5.004717,6.1345725,True
201-301_linear,2025-01-03 12:00:00,4.177454,4.18564,5.3252664,True
201-301_linear,2025-01-03 12:30:00,4.1997204,4.5335517,5.962198,True
201-301_linear,2025-01-03 12:35:00,6.010018,4.421596,5.7810874,True
201-301_linear,2025-01-03 12:45:00,4.3858237,4.705999,5.5445967,True
201-301_linear,2025-01-03 12:50:00,5.7049646,4.652941,5.690698,True
201-301_linear,2025-01-03 13:05:00,6.238187,4.6637993,6.155196,True
201-301_linear,2025-01-03 13:10:00,6.4527407,4.848667,6.313362,True
201-301_linear,2025-01-03 13:35:00,6.2345243,4.643857,6.133252,True
201-301_linear,2025-01-03 13:55:00,5.975969,4.1403785,5.739548,True
201-301_linear,2025-01-03 14:40:00,6.026438,4.691564,5.7368712,True
201-301_linear,2025-01-03 14:45:00,3.6613388,4.484307,5.9263186,True
201-301_linear,2025-01-03 15:45:00,6.097368,4.0050507,5.9776587,True
201-301_linear,2025-01-03 17:30:00,5.9420958,4.6840796,5.846291,True
201-301_linear,2025-01-03 17:55:00,7.107078,2.8645291,6.145853,True
201-301_linear,2025-01-03 18:05:00,6.657196,4.3502793,6.427755,True
201-301_linear,2025-01-03 18:10:00,6.9148107,4.349033,6.545237,True
201-301_linear,2025-01-03 18:40:00,6.2008595,4.402054,6.066121,True
201-301_linear,2025-01-03 18:55:00,6.0420117,4.3793654,5.853274,True
201-301_linear,2025-01-03 19:00:00,4.6263156,4.6549735,6.041962,True
201-301_linear,2025-01-03 19:55:00,6.4311705,4.616352,5.775095,True
201-301_linear,2025-01-03 20:10:00,3.7204673,3.767754,6.379447,True
201-301_linear,2025-01-03 20:50:00,5.3016167,3.3526728,5.2990665,True
201-301_linear,2025-01-03 20:55:00,6.6224556,3.4936182,5.9779363,True
201-301_linear,2025-01-03 21:10:00,5.6521997,4.532892,5.602907,True
201-301_linear,2025-01-03 21:20:00,7.192693,4.3917613,6.263921,True
201-301_linear,2025-01-03 22:15:00,7.1313205,4.8390517,6.408714,True
201-301_linear,2025-01-03 22:30:00,6.278497,4.3860416,5.892528,True
201-301_linear,2025-01-03 22:45:00,4.506431,4.5403767,5.516019,True
201-301_linear,2025-01-03 23:10:00,6.0033607,4.978603,5.5270505,True
201-301_linear,2025-01-03 23:30:00,4.4835567,4.503694,5.4054694,True
201-301_linear,2025-01-03 23:40:00,6.202666,5.195328,6.0609264,True
201-301_linear,2025-01-04 00:00:00,6.5509906,4.580699,6.0081835,True
201-301_linear,2025-01-04 00:25:00,6.753286,4.5182037,5.7555227,True
201-301_linear,2025-01-04 00:30:00,6.964059,4.3469505,6.6646895,True
201-301_linear,2025-01-04 01:10:00,4.714621,4.7821465,5.7868285,True
201-301_linear,2025-01-04 01:20:00,5.9509006,4.902938,5.910465,True
201-301_linear,2025-01-04 01:40:00,7.205591,4.0590296,6.733629,True
201-301_linear,2025-01-04 01:55:00,6.172527,5.0370646,6.0052824,True
201-301_linear,2025-01-04 03:00:00,7.28962,4.9634876,6.083231,True
201-301_linear,2025-01-04 03:10:00,6.248239,4.0218205,6.0232005,True
201-301_linear,2025-01-04 03:30:00,6.3986454,3.9004426,6.3171515,True
201-301_linear,2025-01-04 03:40:00,6.3459463,4.3525286,5.9392853,True
201-301_linear,2025-01-04 03:45:00,6.8322363,3.379999,6.3427315,True
201-301_linear,2025-01-04 04:05:00,6.0090666,4.1139245,5.825036,True
201-301_linear,2025-01-04 04:10:00,6.659006,5.105364,6.558739,True
201-301_linear,2025-01-04 05:15:00,6.4186983,4.852374,6.146392,True
201-301_linear,2025-01-04 05:25:00,6.376997,5.0749316,5.915421,True
201-301_linear,2025-01-04 05:35:00,6.9471774,4.711115,6.282323,True
201-301_linear,2025-01-04 05:40:00,6.8600917,5.3054323,6.6012263,True
201-301_linear,2025-01-04 06:20:00,6.169941,4.935079,5.879402,True
201-301_linear,2025-01-04 06:45:00,4.551061,4.7643332,6.027961,True
201-301_linear,2025-01-04 07:20:00,4.3326635,4.4257483,5.6304245,True
201-301_linear,2025-01-04 07:50:00,5.910729,4.645668,5.880519,True
201-301_linear,2025-01-04 09:55:00,7.7179418,3.7917309,7.3299704,True
201-301_linear,2025-01-04 12:30:00,6.3886375,4.1077843,6.110135,True
201-301_linear,2025-01-04 14:15:00,3.4202409,3.6094227,5.903108,True
201-301_linear,2025-01-04 14:45:00,6.3156023,4.6150737,6.0989122,True
201-301_linear,2025-01-04 14:50:00,6.2526674,4.5560064,6.0969715,True
201-301_linear,2025-01-04 14:55:00,6.2128687,4.435596,5.9683905,True
201-301_linear,2025-01-04 15:15:00,7.706999,4.212268,7.133045,True
201-301_linear,2025-01-04 15:25:00,6.818559,4.644445,6.5635624,True
201-301_linear,2025-01-04 16:10:00,6.164892,4.884191,5.832888,True
201-301_linear,2025-01-04 16:20:00,6.317003,4.9029593,6.297874,True
201-301_linear,2025-01-04 16:35:00,6.1398525,4.8469434,5.9744296,True
201-301_linear,2025-01-04 17:10:00,6.5009265,4.6959195,6.439835,True
201-301_linear,2025-01-04 17:20:00,7.052842,5.274431,6.7937984,True
201-301_linear,2025-01-04 17:25:00,4.297664,4.6704082,5.5622005,True
201-301_linear,2025-01-04 17:40:00,6.2038603,5.1998916,6.183773,True
201-301_linear,2025-01-04 17:45:00,4.0661216,4.251892,5.203457,True
201-301_linear,2025-01-04 17:55:00,6.333131,5.1070175,5.9964113,True
201-301_linear,2025-01-04 18:40:00,4.957089,5.00844,5.9266973,True
201-301_linear,2025-01-04 18:50:00,6.2046633,4.984544,6.16285,True
201-301_linear,2025-01-04 19:45:00,7.3781385,4.701395,6.9560056,True
201-301_linear,2025-01-04 21:00:00,6.7955832,3.7274053,6.5589366,True
201-301_linear,2025-01-04 21:45:00,6.5043993,4.274113,6.19944,True
201-301_linear,2025-01-04 22:50:00,4.440741,4.6498976,8.217234,True
201-301_linear,2025-01-05 02:35:00,7.064927,4.3027143,6.0739565,True
201-301_linear,2025-01-05 03:05:00,7.219778,4.6556706,7.056545,True
201-301_linear,2025-01-05 03:30:00,3.4279094,3.4336839,7.2784724,True
201-301_linear,2025-01-05 05:00:00,4.3334165,4.5057855,6.418739,True
201-301_linear,2025-01-05 05:25:00,6.0316067,4.752865,5.918451,True
201-301_linear,2025-01-05 05:50:00,7.295266,5.0251746,6.556673,True
201-301_linear,2025-01-05 06:10:00,7.0172534,4.6406417,6.81464,True
201-301_linear,2025-01-05 06:25:00,6.5257053,5.082701,5.9194365,True
201-301_linear,2025-01-05 06:40:00,6.8359613,4.8862305,6.373249,True
201-301_linear,2025-01-05 06:50:00,7.00435,4.372854,6.544525,True
201-301_linear,2025-01-05 06:55:00,6.153931,4.5930104,6.0851703,True
201-301_linear,2025-01-05 07:05:00,6.3616767,4.435514,6.0273933,True
201-301_linear,2025-01-05 08:30:00,6.658535,4.9688087,6.420718,True
201-301_linear,2025-01-05 11:35:00,6.99463,4.9353685,6.2297873,True
201-301_linear,2025-01-05 11:40:00,7.064918,4.98719,6.5362363,True
201-301_linear,2025-01-05 12:25:00,7.654753,4.8184175,7.635094,True
201-301_linear,2025-01-05 13:45:00,3.9785357,4.283435,6.920532,True
201-301_linear,2025-01-05 14:05:00,3.6150067,4.173394,6.089042,True
201-301_linear,2025-01-05 14:45:00,4.6053762,4.651274,5.8317485,True
201-301_linear,2025-01-05 15:10:00,6.33845,5.290598,5.9972367,True
201-301_linear,2025-01-05 15:15:00,4.8810267,4.890622,5.950623,True
201-301_linear,2025-01-05 15:20:00,6.217869,5.4326553,6.1885695,True
201-301_linear,2025-01-05 15:50:00,7.0036807,5.032584,6.3757296,True
201-301_linear,2025-01-05 16:15:00,5.848432,4.599683,5.8001657,True
201-301_linear,2025-01-05 16:20:00,6.813075,5.1547647,6.4655294,True
201-301_linear,2025-01-05 16:25:00,8.035871,5.464664,7.6232176,True
201-301_linear,2025-01-05 16:30:00,7.288206,5.27341,6.6413755,True
201-301_linear,2025-01-05 16:35:00,4.311747,4.5021033,5.57283,True
201-301_linear,2025-01-05 16:40:00,6.8422723,4.8212476,6.717601,True
201-301_linear,2025-01-05 17:20:00,6.560389,4.42055,5.9502096,True
201-301_linear,2025-01-05 18:00:00,4.644876,4.945242,5.7888045,True
201-301_linear,2025-01-05 18:05:00,6.6785765,5.1966586,6.539553,True
201-301_linear,2025-01-05 18:15:00,7.2234592,5.045804,6.662391,True
201-301_linear,2025-01-05 18:25:00,4.921063,4.924531,5.827279,True
201-301_linear,2025-01-05 18:40:00,7.1545534,5.520374,6.9694066,True
201-301_linear,2025-01-05 19:20:00,6.3898845,4.552725,6.201313,True
201-301_linear,2025-01-05 19:40:00,5.9433208,4.7224154,5.916583,True
201-301_linear,2025-01-05 19:45:00,6.9646535,4.327799,6.91757,True
201-301_linear,2025-01-05 21:15:00,6.795969,3.756515,6.7887774,True
201-301_linear,2025-01-05 21:25:00,7.0261683,3.3083313,6.460909,True
201-301_linear,2025-01-05 21:40:00,3.692341,4.2457795,6.408868,True
201-301_linear,2025-01-05 23:45:00,7.1893215,3.7737215,6.7106204,True
201-301_linear,2025-01-06 00:50:00,7.009028,4.0340877,6.668395,True
201-301_linear,2025-01-06 01:50:00,6.6840267,4.169753,6.4831157,True
201-301_linear,2025-01-06 02:25:00,6.678873,4.357622,6.6041136,True
201-301_linear,2025-01-06 03:00:00,7.3702745,5.0729036,6.7130947,True
201-301_linear,2025-01-06 03:10:00,7.1394815,4.589049,6.8149376,True
201-301_linear,2025-01-06 04:05:00,3.8832326,4.0286713,7.663492,True
201-301_linear,2025-01-06 04:15:00,4.320484,4.5324864,6.255025,True
201-301_linear,2025-01-06 05:05:00,7.9481807,4.647378,7.5802317,True
201-301_linear,2025-01-06 06:15:00,4.5236173,4.7506742,5.9561787,True
201-301_linear,2025-01-06 07:10:00,7.558255,4.1019597,6.7331276,True
201-301_linear,2025-01-06 07:35:00,4.721749,4.7712693,6.964309,True
201-301_linear,2025-01-06 07:45:00,4.4139857,4.5634356,6.655977,True
201-301_linear,2025-01-06 08:20:00,7.23387,4.4792886,6.7159386,True
201-301_linear,2025-01-06 08:30:00,6.704334,4.4792376,6.660625,True
201-301_linear,2025-01-06 08:40:00,7.077902,4.6869574,6.6223383,True
201-301_linear,2025-01-06 09:10:00,6.7139215,4.4097705,6.517981,True
201-301_linear,2025-01-06 09:25:00,7.537112,4.714836,6.9042525,True
201-301_linear,2025-01-06 09:40:00,6.498885,4.6933208,6.414489,True
201-301_linear,2025-01-06 09:50:00,4.2740984,4.759998,6.0001745,True
201-301_linear,2025-01-06 10:40:00,7.688995,4.7025,6.933198,True
201-301_linear,2025-01-06 10:50:00,3.9559886,4.0545487,8.082419,True
201-301_linear,2025-01-06 11:10:00,6.0926933,4.6728663,6.0440316,True
201-301_linear,2025-01-06 11:45:00,6.7204394,4.7968893,6.1151958,True
201-301_linear,2025-01-06 11:55:00,6.396889,5.226078,6.237118,True
201-301_linear,2025-01-06 12:25:00,4.752519,4.878988,6.1194725,True
201-301_linear,2025-01-06 12:40:00,6.379485,4.804503,5.958153,True
201-301_linear,2025-01-06 13:05:00,6.849215,5.209392,6.6504683,True
201-301_linear,2025-01-06 13:10:00,6.1070986,4.651988,5.947347,True
201-301_linear,2025-01-06 13:20:00,6.92249,4.988168,6.5285935,True
201-301_linear,2025-01-06 13:45:00,7.425764,4.6093316,6.30391,True
201-301_linear,2025-01-06 14:55:00,7.346417,4.314491,6.5219917,True
201-301_linear,2025-01-06 15:15:00,3.8943677,4.0386558,5.9640727,True
201-301_linear,2025-01-06 15:35:00,6.5970874,4.949292,6.4028926,True
201-301_linear,2025-01-06 16:55:00,3.9054685,3.986964,6.8085804,True
201-301_linear,2025-01-06 17:30:00,7.474078,3.3581903,7.046063,True
201-301_linear,2025-01-06 17:40:00,7.350059,5.0636873,6.66756,True
201-301_linear,2025-01-06 17:50:00,6.5898523,5.008293,6.308463,True
201-301_linear,2025-01-06 17:55:00,4.125267,4.251228,6.541133,True
201-301_linear,2025-01-06 18:05:00,6.4520984,3.5257645,6.1980996,True
201-301_linear,2025-01-06 18:10:00,6.584945,5.097166,6.4722314,True
201-301_linear,2025-01-06 18:15:00,7.468351,4.880135,6.8493404,True
201-301_linear,2025-01-06 18:50:00,6.4502215,4.678008,6.2714334,True
201-301_linear,2025-01-06 19:05:00,7.975789,4.943186,7.4812865,True
201-301_linear,2025-01-06 19:35:00,6.5122395,4.857068,6.4571304,True
201-301_linear,2025-01-06 20:15:00,6.844732,3.6982682,6.3992977,True
201-301_linear,2025-01-06 20:20:00,7.0482163,4.694251,6.7148423,True
201-301_linear,2025-01-06 21:05:00,7.3651185,4.5521054,7.0128284,True
201-301_linear,2025-01-06 22:50:00,7.4846077,5.1875114,7.197163,True
201-301_linear,2025-01-07 01:25:00,6.578889,4.540312,6.153197,True
201-301_linear,2025-01-07 01:50:00,4.7583466,4.8391747,6.3635488,True
201-301_linear,2025-01-07 03:00:00,7.179085,4.7032275,6.821364,True
201-301_linear,2025-01-07 03:25:00,7.3008204,5.0778933,7.2656264,True
201-301_linear,2025-01-07 04:10:00,7.421926,4.2795887,7.2711325,True
201-301_linear,2025-01-07 07:30:00,7.5861397,3.7143455,7.0275764,True
201-301_linear,2025-01-07 07:35:00,6.484296,4.1206183,6.45596,True
201-301_linear,2025-01-07 08:40:00,4.2668037,4.278617,6.7491555,True
201-301_linear,2025-01-07 10:50:00,6.42566,4.9282913,6.2648373,True
201-301_linear,2025-01-07 12:05:00,7.321936,5.143681,6.96918,True
201-301_linear,2025-01-07 12:10:00,6.4446898,4.883405,6.275091,True
201-301_linear,2025-01-07 12:15:00,4.419719,4.628809,6.038114,True
201-301_linear,2025-01-07 12:40:00,5.9687896,5.0191245,5.940246,True
201-301_linear,2025-01-07 12:50:00,6.6119843,5.170575,6.609596,True
201-301_linear,2025-01-07 13:05:00,4.3569236,4.416303,6.194099,True
201-301_linear,2025-01-07 13:20:00,6.7258277,5.095105,6.4978685,True
201-301_linear,2025-01-07 13:25:00,7.3541155,5.445385,6.9725385,True
201-301_linear,2025-01-07 13:45:00,7.128141,4.9922915,7.043012,True
201-301_linear,2025-01-07 14:00:00,6.7507873,4.657984,6.728104,True
201-301_linear,2025-01-07 14:50:00,7.1750474,4.71586,6.641307,True
201-301_linear,2025-01-07 15:10:00,6.53643,4.4196053,6.386414,True
201-301_linear,2025-01-07 15:20:00,4.071668,4.515032,6.7889543,True
201-301_linear,2025-01-07 15:25:00,7.181365,4.166737,6.3895283,True
201-301_linear,2025-01-07 15:55:00,6.7460403,5.2606525,6.690156,True
201-301_linear,2025-01-07 16:05:00,6.944549,4.108466,6.610264,True
201-301_linear,2025-01-07 16:40:00,6.490136,4.4905853,6.329818,True
201-301_linear,2025-01-07 17:50:00,7.804656,5.057754,6.9201326,True
201-301_linear,2025-01-07 18:15:00,6.6887803,4.8863482,6.6089797,True
201-301_linear,2025-01-07 18:25:00,4.3785934,4.9999933,6.797108,True
201-301_linear,2025-01-07 19:55:00,7.2736874,5.6492906,7.1072073,True
201-301_linear,2025-01-07 20:05:00,6.8356695,4.642717,6.6149282,True
201-301_linear,2025-01-07 20:25:00,3.9687123,4.7469673,6.2277293,True
201-301_linear,2025-01-07 20:40:00,4.6790876,5.158606,6.366869,True
201-301_linear,2025-01-07 20:45:00,7.3874893,5.2216616,7.2756753,True
201-301_linear,2025-01-07 21:45:00,6.495456,4.348743,6.3779464,True
201-301_linear,2025-01-07 22:10:00,6.5678296,5.038798,6.4743986,True
